/*
SQLyog Ultimate v8.32 
MySQL - 5.6.22 : Database - goods
*********************************************************************
*/

/*!40101 SET NAMES utf8 */;

/*!40101 SET SQL_MODE=''*/;

/*!40014 SET @OLD_UNIQUE_CHECKS=@@UNIQUE_CHECKS, UNIQUE_CHECKS=0 */;
/*!40014 SET @OLD_FOREIGN_KEY_CHECKS=@@FOREIGN_KEY_CHECKS, FOREIGN_KEY_CHECKS=0 */;
/*!40101 SET @OLD_SQL_MODE=@@SQL_MODE, SQL_MODE='NO_AUTO_VALUE_ON_ZERO' */;
/*!40111 SET @OLD_SQL_NOTES=@@SQL_NOTES, SQL_NOTES=0 */;
CREATE DATABASE /*!32312 IF NOT EXISTS*/`goods` /*!40100 DEFAULT CHARACTER SET utf8 */;

USE `goods`;

/*Table structure for table `t_admin` */

DROP TABLE IF EXISTS `t_admin`;

CREATE TABLE `t_admin` (
  `adminId` char(32) NOT NULL,
  `adminname` varchar(50) DEFAULT NULL,
  `adminpwd` varchar(50) DEFAULT NULL,
  PRIMARY KEY (`adminId`)
) ENGINE=InnoDB DEFAULT CHARSET=utf8;

/*Data for the table `t_admin` */

insert  into `t_admin`(`adminId`,`adminname`,`adminpwd`) values ('111','admin','admin');

/*Table structure for table `t_cartitem` */

DROP TABLE IF EXISTS `t_cartitem`;

CREATE TABLE `t_cartitem` (
  `cartItemId` char(32) NOT NULL,
  `quantity` int(11) DEFAULT NULL,
  `pid` char(32) DEFAULT NULL,
  `uid` char(32) DEFAULT NULL,
  `orderBy` int(11) NOT NULL AUTO_INCREMENT,
  PRIMARY KEY (`cartItemId`),
  KEY `orderBy` (`orderBy`),
  KEY `FK_t_cartitem_t_user` (`uid`),
  KEY `FK_t_cartitem_t_phone` (`pid`),
  CONSTRAINT `FK_t_cartitem_t_phone` FOREIGN KEY (`pid`) REFERENCES `t_phone` (`pid`),
  CONSTRAINT `FK_t_cartitem_t_user` FOREIGN KEY (`uid`) REFERENCES `t_user` (`uid`)
) ENGINE=InnoDB AUTO_INCREMENT=95 DEFAULT CHARSET=utf8;

/*Data for the table `t_cartitem` */

/*Table structure for table `t_category` */

DROP TABLE IF EXISTS `t_category`;

CREATE TABLE `t_category` (
  `cid` char(32) NOT NULL,
  `cname` varchar(255) DEFAULT NULL,
  `parentid` char(32) DEFAULT NULL,
  `desc` varchar(255) DEFAULT NULL,
  `orderBy` int(11) NOT NULL AUTO_INCREMENT,
  PRIMARY KEY (`cid`),
  UNIQUE KEY `cname` (`cname`),
  KEY `FK_t_category_t_category` (`parentid`),
  KEY `orderBy` (`orderBy`),
  CONSTRAINT `FK_t_category_t_category` FOREIGN KEY (`parentid`) REFERENCES `t_category` (`cid`)
) ENGINE=InnoDB AUTO_INCREMENT=81 DEFAULT CHARSET=utf8;

/*Data for the table `t_category` */

insert  into `t_category`(`cid`,`cname`,`parentid`,`desc`,`orderBy`) values ('0044F21D3CF743DC99FF0B43C0DD2759','运营商合约机','B54882998F2349D8AF1193E12C199098','运营商合约机',56),('41B97A09BD2B433C826097D1A21BFF86','HTC',NULL,'HTC ',66),('456164FB58C543AB937585C8B71DD263','APPLE',NULL,'苹果手机系列',45),('4D01FFF266DC42B59832F99AF59F8B82','LG',NULL,'Lg手机',70),('503CEF589EC9474F8F9252C9F18FE7A5','LG系列手机','4D01FFF266DC42B59832F99AF59F8B82','LG系列手机',71),('5244841184BF468D811A2D634F223A1A','乐视（Le）系列','A6E5597EE5DB43E8B3114E316403A707','乐视（Le）系列',69),('53B46A92713B4F78A508F58970AC12FA','魅族（MEIZU）系列','8F5D84EAF9934FA39399EBA1913927A7','魅族（MEIZU）',63),('6880648C0A754A2B8C0ACF59700F3951','诺基亚(NOKIA)',NULL,'诺基亚(NOKIA)',72),('69AE70148FE244B4AB65FFECB2771505','ZTE系列','88B71B6AF7134745AC31E41E3A172589','ZTE系列',75),('6A56245E0F30436BAD9E18647F6007B2','荣耀','B54882998F2349D8AF1193E12C199098','荣耀 二级',53),('6C3F933F14B04A03AFB74F484FD0DCE2','Apple iPhone 5 （s） ','456164FB58C543AB937585C8B71DD263','Apple iPhone 5s (A1530) 16GB 金色 移动联通4G手机',47),('82ACB422762444D3BF15D405DEB676F5','畅玩','B54882998F2349D8AF1193E12C199098','畅玩 二级',54),('88B71B6AF7134745AC31E41E3A172589','ZTE(中兴)',NULL,'ZTE(中兴)',74),('8D501779C55E49DF8D9BBD48EC1856B5','OPPO系列','C484245438A74E8793041C70927013DD','OPPO系列',65),('8E1EE71B21574E8894D144B7BD521088','红米系列','CFE22BBD7EBB4636BEDB58CD64E44DD5','红米',59),('8F1965218CD0461CAAAE0CD3463C294C','iPhone4s','456164FB58C543AB937585C8B71DD263',' 苹果 iPhone4s',48),('8F5D84EAF9934FA39399EBA1913927A7','魅族（MEIZU）',NULL,'魅族（MEIZU）',62),('9A867F2C0E354CFEAED719E79164F99C','三星（SAMSUNG）',NULL,'三星（SAMSUNG）',60),('A6E5597EE5DB43E8B3114E316403A707','乐视（Le）',NULL,'乐视（Le）',68),('AFC0DF3CB80C42D3BED0821723747E15','三星（SAMSUNG）系列','9A867F2C0E354CFEAED719E79164F99C','三星（SAMSUNG）',61),('B071668141EA4D8C8870E4910B050F43','小米系列手机','CFE22BBD7EBB4636BEDB58CD64E44DD5','小米系列手机',58),('B54882998F2349D8AF1193E12C199098','华为',NULL,'华为手机一级分类',52),('C484245438A74E8793041C70927013DD','OPPO',NULL,'OPPO',64),('CFE22BBD7EBB4636BEDB58CD64E44DD5','小米',NULL,'小米手机',57),('D0F5EFEE5D0843D39A10FA61893C9CE1','华为 Mate系列','B54882998F2349D8AF1193E12C199098','华为 Mate系列',55),('D8AFBED334BD486C8EFF3F94E14DC8F7','HTC系列手机','41B97A09BD2B433C826097D1A21BFF86','HTC系列手机',67),('E971B21A63FD40DB9518FC42443A44A7','11','456164FB58C543AB937585C8B71DD263','111',80),('EC93303720A740CEADD2359B31B75DD1','Apple iPhone 6s','456164FB58C543AB937585C8B71DD263','Apple iPhone 6s (A1700) 64G 银色 移动联通电信4G手机',46),('FCE059E97A57401AA58BFE48364B6DA5','经典不衰','6880648C0A754A2B8C0ACF59700F3951','诺基亚(NOKIA) 二级',73);

/*Table structure for table `t_order` */

DROP TABLE IF EXISTS `t_order`;

CREATE TABLE `t_order` (
  `oid` char(32) NOT NULL,
  `ordertime` char(19) DEFAULT NULL,
  `total` decimal(10,2) DEFAULT NULL,
  `status` int(11) DEFAULT NULL,
  `address` varchar(1000) DEFAULT NULL,
  `uid` char(32) DEFAULT NULL,
  PRIMARY KEY (`oid`),
  KEY `FK_t_order_t_user` (`uid`),
  CONSTRAINT `FK_t_order_t_user` FOREIGN KEY (`uid`) REFERENCES `t_user` (`uid`)
) ENGINE=InnoDB DEFAULT CHARSET=utf8;

/*Data for the table `t_order` */

insert  into `t_order`(`oid`,`ordertime`,`total`,`status`,`address`,`uid`) values ('13E1C3D3E38445F5BC0DCD777EB8CCF5','2016-06-03 14:31:35','2198.00',4,'地址演示实例 如：湖南省益阳市赫山区湖南城市学院(XX街道XX号)','BE10313D53E046A7A53B92342C049EBA'),('24B0D47D55F040B1A6D8FB37E8365A29','2016-06-03 18:22:33','140536.00',2,'sjhdfkjsahfksajdhfksadjfh','981339DB163049C4BBB4F350F5C10907'),('33BABEF563A2455B93EFF853E9AE9407','2016-06-04 11:50:20','7886.00',1,'地址演示实例 如：湖南省益阳市赫山区湖南城市学院(XX街道XX号)','981339DB163049C4BBB4F350F5C10907'),('455AFC3451E749E085E0742AC321185D','2016-06-04 20:51:26','2999.00',1,'地址演示实例 如：湖南省益阳市赫山区湖南城市学院(XX街道XX号)','981339DB163049C4BBB4F350F5C10907'),('8DC54E6547004021B7AB062550B5C65F','2016-05-31 18:57:44','7987.00',4,'地址演示实例 如：湖南省益阳市赫山区湖南城市学院(XX街道XX号)','981339DB163049C4BBB4F350F5C10907'),('B1AD247226364C2996ADD52CDBF08BE9','2016-06-03 14:32:35','6396.00',4,'地址演示实例 如：湖南省益阳市赫山区湖南城市学院(XX街道XX号)','BE10313D53E046A7A53B92342C049EBA'),('DBCBCEC8D62D4A8B8EBC527A276720CB','2016-06-04 09:33:55','3349.00',2,'地址演示实例 如：湖南省益阳市赫山区湖南城市学院(XX街道XX号)','BE10313D53E046A7A53B92342C049EBA'),('EBB38237D7414E46944A3DEFB08257DB','2016-06-04 09:26:42','1599.00',1,'地址演示实例 如：湖南省益阳市赫山区湖南城市学院(XX街道XX号)','981339DB163049C4BBB4F350F5C10907'),('F27E9ACAA6014D0CB012FBED0408B118','2016-05-28 23:21:29','5688.00',5,'地址演示实例 如：湖南省益阳市赫山区湖南城市学院(XX街道XX号)','981339DB163049C4BBB4F350F5C10907'),('FF34AE188BD847E5B5530716D5470299','2016-06-03 14:32:47','2696.00',5,'地址演示实例 如：湖南省益阳市赫山区湖南城市学院(XX街道XX号)','BE10313D53E046A7A53B92342C049EBA');

/*Table structure for table `t_orderitem` */

DROP TABLE IF EXISTS `t_orderitem`;

CREATE TABLE `t_orderitem` (
  `orderItemId` char(32) NOT NULL,
  `quantity` int(11) DEFAULT NULL,
  `subtotal` decimal(8,2) DEFAULT NULL,
  `pid` char(32) DEFAULT NULL,
  `pname` varchar(200) DEFAULT NULL,
  `currPrice` decimal(8,2) DEFAULT NULL,
  `image_b` varchar(100) DEFAULT NULL,
  `oid` char(32) DEFAULT NULL,
  PRIMARY KEY (`orderItemId`),
  KEY `FK_t_orderitem_t_order` (`oid`),
  CONSTRAINT `FK_t_orderitem_t_order` FOREIGN KEY (`oid`) REFERENCES `t_order` (`oid`)
) ENGINE=InnoDB DEFAULT CHARSET=utf8;

/*Data for the table `t_orderitem` */

insert  into `t_orderitem`(`orderItemId`,`quantity`,`subtotal`,`pid`,`pname`,`currPrice`,`image_b`,`oid`) values ('0689D0CFA8A342198AD29E213D38BC45',1,'1599.00','B56DD1B1E9364DEF8E570D9B4B2E5228','荣耀 6 Plus (PE-TL10) 3GB+32GB内存版 金色 移动联通双4G手机 双卡双待双通','1599.00','book_img/61F15761CF014086A27771D735A31B50_r_1x.jpg','EBB38237D7414E46944A3DEFB08257DB'),('0CB3243B9D79461D836A1C7F38F34710',2,'2696.00','DD81157BAB1E45E7AA744E0D54F8C0A9','三星 Galaxy On7（G6000）昂小七高配版','1348.00','book_img/5878F5AF5E784B43AC2789603BB2652D_sa_3x.jpg','FF34AE188BD847E5B5530716D5470299'),('2313CD028BCD4CA5ABEC494D34A0C6F6',1,'2198.00','29474669B674428C9AE757A0D607C8DF','Apple iPhone 5s (A1530) 16GB 金色 移动联通4G手机','2198.00','book_img/A80DC02CF6F549AEAE3435965271A588_i3_x.jpg','33BABEF563A2455B93EFF853E9AE9407'),('413D7EE28D724F7BBE937C390CCDEB6E',1,'3349.00','30DA717421AC4CB290076D43B78D4042','魅族 PRO5双卡双待智能 手机 64G','3349.00','book_img/A5A078D5053D4AFB9A3B2238A7EEA4BA_m1_x.jpg','DBCBCEC8D62D4A8B8EBC527A276720CB'),('5F3FA819AC704EEB9297370D0C085AA9',4,'6396.00','B56DD1B1E9364DEF8E570D9B4B2E5228','荣耀 6 Plus (PE-TL10) 3GB+32GB内存版 金色 移动联通双4G手机 双卡双待双通','1599.00','book_img/61F15761CF014086A27771D735A31B50_r_1x.jpg','B1AD247226364C2996ADD52CDBF08BE9'),('63784D507DB9442E95314517975F3491',1,'5688.00','C47776FF9BAF4AB2BA01F1CA4AC42DB1','Apple iPhone 6s (A1700) 64G 深空灰色 移动联通电信4G手机','5688.00','book_img/056384D5687646C2B29F79A2D9D7C8F3_iphone1_x.jpg','33BABEF563A2455B93EFF853E9AE9407'),('755169C44C884121856E23420D1EC3D2',1,'2999.00','EA4AB31B74244385B45C7FB08DC3D46C','三星 Galaxy A9 (SM-A9100) 魔幻金 手机','2999.00','book_img/37752CE8FAE443EE9AAD1584FA372C96_sa_2x.jpg','455AFC3451E749E085E0742AC321185D'),('7F57FFE81A6D402198CF87EC737110B1',1,'5688.00','C47776FF9BAF4AB2BA01F1CA4AC42DB1','Apple iPhone 6s (A1700) 64G 深空灰色 移动联通电信4G手机','5688.00','book_img/056384D5687646C2B29F79A2D9D7C8F3_iphone1_x.jpg','F27E9ACAA6014D0CB012FBED0408B118'),('B77208D0D6C14A279B0A3A516E5C6553',1,'2198.00','9EA93657D43E47B5A1CDEC719F5A4D22','Apple iPhone 5s (A1530) 16GB 银色 移动联通4G手机','2198.00','book_img/FE914859AEA14373873AF073888B14CE_5i_x.jpg','13E1C3D3E38445F5BC0DCD777EB8CCF5'),('D1A692B278A2478C9DCF4A85FD88801B',22,'140536.00','40B2304E06A048AB8924B953936D3C29','Apple iPhone 6s (A1700) 64G 玫瑰金色 移动联通电信4G手机','6388.00','book_img/FF7647680A52407DB6D716518C5C3D2D_ipone2_x.jpg','24B0D47D55F040B1A6D8FB37E8365A29'),('D4EE0B9628854057ABCF6B05C83CE192',1,'6388.00','40B2304E06A048AB8924B953936D3C29','Apple iPhone 6s (A1700) 64G 玫瑰金色 移动联通电信4G手机','6388.00','book_img/FF7647680A52407DB6D716518C5C3D2D_ipone2_x.jpg','8DC54E6547004021B7AB062550B5C65F'),('F0F10D4208B84DFCA600E46003345EC2',1,'1599.00','B56DD1B1E9364DEF8E570D9B4B2E5228','荣耀 6 Plus (PE-TL10) 3GB+32GB内存版 金色 移动联通双4G手机 双卡双待双通','1599.00','book_img/61F15761CF014086A27771D735A31B50_r_1x.jpg','8DC54E6547004021B7AB062550B5C65F');

/*Table structure for table `t_phone` */

DROP TABLE IF EXISTS `t_phone`;

CREATE TABLE `t_phone` (
  `pid` varchar(32) NOT NULL,
  `pname` varchar(100) DEFAULT NULL,
  `pcompany` varchar(100) DEFAULT NULL,
  `price` decimal(10,2) DEFAULT NULL,
  `currprice` decimal(10,2) DEFAULT NULL,
  `discount` decimal(3,1) DEFAULT NULL,
  `publishTime` char(10) DEFAULT NULL,
  `pversion` varchar(50) DEFAULT NULL,
  `netType` varchar(50) DEFAULT NULL,
  `color` varchar(50) DEFAULT NULL,
  `cid` char(32) DEFAULT NULL,
  `taocan` varchar(150) DEFAULT NULL,
  `image_w` varchar(100) DEFAULT NULL,
  `image_b` varchar(100) DEFAULT NULL,
  `orderBy` int(11) NOT NULL AUTO_INCREMENT,
  PRIMARY KEY (`pid`),
  KEY `orderBy` (`orderBy`),
  KEY `FK_t_phone_t_category` (`cid`),
  CONSTRAINT `FK_t_phone_t_category` FOREIGN KEY (`cid`) REFERENCES `t_category` (`cid`)
) ENGINE=InnoDB AUTO_INCREMENT=42 DEFAULT CHARSET=utf8;

/*Data for the table `t_phone` */

insert  into `t_phone`(`pid`,`pname`,`pcompany`,`price`,`currprice`,`discount`,`publishTime`,`pversion`,`netType`,`color`,`cid`,`taocan`,`image_w`,`image_b`,`orderBy`) values ('091BCC49C7FF4E4491BEA8ABBB7EDF2A','LG G FLEX 2 弯曲屏 ','LG公司','2088.00','2088.00','0.0','2016-6-1','非合约机','全网通4G','黑色','503CEF589EC9474F8F9252C9F18FE7A5','基本套餐','book_img/5381B54F850C4A3BBA2FF1E5E302605C_lg_1d.jpg','book_img/4C85895B49494B5398C44C1C1CBBAC3D_lg_1x.jpg',36),('0EBF5509D8244D16A24BD3E82B7F307D','【联通合约机 50元本地套餐】荣耀畅玩5X 双卡双待 增强全网通版 智能手机（落日金）','huawei（华为）','1399.00','1399.00','0.0','2014-06-04','联通合约机','增强全网通版','落日金','0044F21D3CF743DC99FF0B43C0DD2759','基本套餐','book_img/6F1833FF7F0E4AC596400E8CE25026F3_heyue_d.jpg','book_img/E280DB201CFA46C69BAC270516DFB427_heyue_x.jpg',20),('1C5149FFC09446CEA57AF018BB4C170C','小米5 全网通 高配版 3GB内存 64GB ROM 白色 移动联通电信4G手机','xiaomi（小米）','2299.00','2299.00','0.0','2016-04-06','非合约机','移动联通电信4G手机','白色','B071668141EA4D8C8870E4910B050F43','基本套餐','book_img/C6C5575C63A844B0B1AE6D42CFB035F9_x_m5_1d.jpg','book_img/2B83BA2DBB4342AB9C17A60786CB2158_x_m5_1x.jpg',21),('223EDD809DA5432E83194C18F36096AF','Apple iPhone 6s (A1700) 16G 金色 移动联通电信4G手机+dostyle一体式USB蓝牙耳机','苹果公司','5667.00','4987.00','8.8','2015-06-09','非合约机','全网通','金','EC93303720A740CEADD2359B31B75DD1','基本套餐','book_img/EB8D71A192394F90B1C63BD02E9F2314_i4_d.jpg','book_img/7A1E31971F8C4F09AB24643F8C1943B7_i4_x.jpg',13),('29474669B674428C9AE757A0D607C8DF','Apple iPhone 5s (A1530) 16GB 金色 移动联通4G手机','苹果公司','2242.00','2198.00','9.8','2016-6-1','非合约机','移动联通4G手机','土豪金','6C3F933F14B04A03AFB74F484FD0DCE2','基本套餐','book_img/33B028BCF78D4FBBB1CFE02172E1C992_i3_d.jpg','book_img/A80DC02CF6F549AEAE3435965271A588_i3_x.jpg',12),('2A5E5FCC114E4AFE8A464A93E32D3476',' 亚太版 苹果 iPhone4s 联通 移动 3G智能手机 (可用内存3-4GB) IOS 8.0系统 白色 8GB','苹果公司','2041.00','1388.00','6.8','2013-04-09','非合约机','联通 移动 3G智能手机','白色','8F1965218CD0461CAAAE0CD3463C294C','套餐二','book_img/D548EFEADA8A449E9FA2881258878529_4i_d.jpg','book_img/1501241B3AE3433F8127A79FCE68AE80_4i_x.jpg',16),('30DA717421AC4CB290076D43B78D4042','魅族 PRO5双卡双待智能 手机 64G','魅族（MEIZU）','3349.00','3349.00','0.0','2016-05-11','非合约机',' 移动联通双4G ',' 金色','53B46A92713B4F78A508F58970AC12FA','基本套餐','book_img/3D16D51FC79A4B7CA67D9865F3776C4C_m1_d.jpg','book_img/A5A078D5053D4AFB9A3B2238A7EEA4BA_m1_x.jpg',29),('3BE8734DE53D4CF2B6A916AB4F861F28','诺基亚(NOKIA) 215 DS (RM-1110)  双卡双待 手机','诺基亚(NOKIA)','279.99','279.99','0.0','2011-06-08','非合约机','移动联通2G','黑色','FCE059E97A57401AA58BFE48364B6DA5','基本套餐','book_img/FB705B04972E449E97D5FD9BD97A1CFD_luo_1d.jpg','book_img/13E0D302D65D4701901D6E9980EE1EE8_luo_1x.jpg',38),('3E1798DF771145FC9432BB891EEC86F5','OPPO A33 2GB+16GB内存版 手机','OPPO ','4999.00','40.70','6.9','2016-6-1','非合约机','移动4G','白色 ','8D501779C55E49DF8D9BBD48EC1856B5','基本套餐','book_img/D61D5BF3335C4B62B749D3146F96809F_o_2d.jpg','book_img/C3F892AEB1494E4C86B29775970650BB_o_2x.jpg',32),('3EF0928B053E4FF9856F33A5499CE840','魅族 魅蓝note2 16GB 双卡双待','魅族（MEIZU）','809.00','809.00','0.0','2016-05-11','非合约机',' 移动联通双4G ',' 粉色','53B46A92713B4F78A508F58970AC12FA','基本套餐','book_img/240CDC30F3D3480BA08797B460BE904B_m2_d.jpg','book_img/934FCFE3AEFF42DE84EC62E36A5382F6_m2_x.jpg',30),('40B2304E06A048AB8924B953936D3C29','Apple iPhone 6s (A1700) 64G 玫瑰金色 移动联通电信4G手机','苹果公司','6452.00','6388.00','9.9','2016-6-1','非合约机',' 移动联通电信4G手机','银色','EC93303720A740CEADD2359B31B75DD1','基本套餐','book_img/CB93CE23D081471D98B714ED648AD28A_ipone2_d.jpg','book_img/FF7647680A52407DB6D716518C5C3D2D_ipone2_x.jpg',11),('44E04CF3F2C6440499C38CAAB2DA069A','诺基亚(NOKIA) 220 双卡双待 手机 ','诺基亚(NOKIA)','289.99','289.99','0.0','2011-06-08','非合约机','移动联通2G','黄色','FCE059E97A57401AA58BFE48364B6DA5','基本套餐','book_img/09C2A8B50E3949198C5A3322999DCFC9_luo_2d.jpg','book_img/E15D7A1468594F9187A3F9B5C3F9575A_luo_2x.jpg',37),('66688093299842D78D1E75CB74BEECFA','HTC Desire D728w  手机','HTC','999.00','999.00','0.0','2016-6-1','非合约机','移动联通4G','白小鲜','D8AFBED334BD486C8EFF3F94E14DC8F7','基本套餐','book_img/4468B37897BA440BB9ADD808C9523F24_h1_d.jpg','book_img/F4B6D37B7F58488F83DB8193759CC112_h1_x.jpg',34),('6905D995D35B40D299D7EDDE9ACD12B4','华为 HUAWEI Mate8 双卡双待双通手机 香槟金 全网通版(4G RAM+64G ROM)标配','huawei（华为）','3699.00','3699.00','0.0','2015-06-10','非合约机','全网通','香槟金','D0F5EFEE5D0843D39A10FA61893C9CE1','基本套餐','book_img/9E4DE68EFE9640EEBFAE517C094F222A_m_1d.jpg','book_img/05CF0D3CBF634410B01892C3A40C76FA_m_1x.jpg',19),('6AA0071D27C54505B10B91F0F003ABE3','小米 Max 大屏 智能手机 鎏光金 3GB + 32GB 全网通','xiaomi（小米）','1699.00','1699.00','0.0','2016-05-05','非合约机','全网通','鎏光金','B071668141EA4D8C8870E4910B050F43','基本套餐','book_img/862B6A232036423DB16025FDF3AD14AA_x_mmax_1d.jpg','book_img/CCDAF83829DB41FD83ACD161AD32D66E_x_mmax_1x.jpg',22),('7F087FE66993439F9F347526516CE192','中兴 天机 GRAND SII (S291)  手机','中兴','599.00','599.00','0.0','2016-6-1','非合约机','移动联通4G','白色','69AE70148FE244B4AB65FFECB2771505','基本套餐','book_img/2345D6530B3045C3B424226BD509D48D_zx_1d.jpg','book_img/457516533D50435180BE2DAD1AD8C94C_zx_1x.jpg',39),('84168C2C0FD5427E860C7E17E13E8660','OPPO N3(N5207) 手机 双卡双待','OPPO ','1599.00','1599.00','0.0','2016-6-1','非合约机','移动4G','白色 ','8D501779C55E49DF8D9BBD48EC1856B5','基本套餐','book_img/1F857340132A408B895D4797C8495313_o_3d.jpg','book_img/1D774CE5478646B2B462DFEE0C96E625_o_3x.jpg',33),('8F0DE733F25946EAA8AD49FFC597EBE9','华为 荣耀 畅玩4X 白色 移动4G手机 双卡双待','huawei（华为）','799.00','799.00','0.0','2014-06-03','非合约机',' 移动4G手机','白色','82ACB422762444D3BF15D405DEB676F5','基本套餐','book_img/DB168F254DBE40F2BA425B7DF6B978F6_c_1d.jpg','book_img/BEA2AF00A331427E9DB674640C02D0D2_c_1x.jpg',18),('90BACC6326224B07A08C5BB4E45EA0FF','乐视（Le）乐2（X620）32GB   双卡双待','乐视（Le）','1099.00','1099.00','0.0','2016-02-10','非合约机','全网通4G','金色','5244841184BF468D811A2D634F223A1A','基本套餐','book_img/3A18D2A6DFA84D44AC768DF185F7B5FA_l_1d.jpg','book_img/25ADB7E58E064ABFB4C446F1190E19B8_l_1x.jpg',35),('9EA93657D43E47B5A1CDEC719F5A4D22','Apple iPhone 5s (A1530) 16GB 银色 移动联通4G手机','苹果公司','2242.00','2198.00','9.8','2016-6-1','非合约机','移动联通4G手机','土豪金','6C3F933F14B04A03AFB74F484FD0DCE2','套餐一','book_img/1791BDA89CE04A1C8FA027E868658D6F_5i_d.jpg','book_img/FE914859AEA14373873AF073888B14CE_5i_x.jpg',15),('A1809CBC1FCA427BB77909B2AEFA4562','OPPO R9 4GB+64GB内存版 手机 双卡双待','OPPO','2799.00','2799.00','0.0','2015-06-18','非合约机','全网通4G',' 玫瑰金','8D501779C55E49DF8D9BBD48EC1856B5','基本套餐','book_img/79F511F41608475C929C06CFB23D4577_o_1d.jpg','book_img/18BD9C73DEBA4EF8BB21564DAED78120_o_1x.jpg',31),('A8A6D745C23A49E9996ABD80D93EA70A','Apple iPhone6s Plus（A1687）港版 移动联通4G 深空灰色 64GB','苹果公司','7145.00','6288.00','8.8','2016-6-1','非合约机','港版 移动联通4G ','土豪金','EC93303720A740CEADD2359B31B75DD1','基本套餐','book_img/1CFFF3231D2C4C5E874FBD01EBE86AE2_i5_d.jpg','book_img/CE816FA8237F4AAAB00DB41E92077633_i5_x.jpg',14),('B56DD1B1E9364DEF8E570D9B4B2E5228','荣耀 6 Plus (PE-TL10) 3GB+32GB内存版 金色 移动联通双4G手机 双卡双待双通','huawei（华为）','1599.00','1599.00','0.0','2012-06-05','非合约机','移动联通双4G手机','金色','6A56245E0F30436BAD9E18647F6007B2','基本套餐','book_img/34E0088FAC69435E9D6A9447ADD67F4C_r_1d.jpg','book_img/61F15761CF014086A27771D735A31B50_r_1x.jpg',17),('C47776FF9BAF4AB2BA01F1CA4AC42DB1','Apple iPhone 6s (A1700) 64G 深空灰色 移动联通电信4G手机','苹果公司','6463.00','5688.00','8.8','2015-06-01',' 移动联通电信4G手机','全网通','深空灰','EC93303720A740CEADD2359B31B75DD1','基本套餐','book_img/508AC2B56EB044099A3E73B8D30AAB86_iphone1_d.jpg','book_img/056384D5687646C2B29F79A2D9D7C8F3_iphone1_x.jpg',10),('DD59FA9B45C8483699951C2C2CFE76C0','三星 Galaxy S7 edge（G9350）32G版 铂光金','三星（SAMSUNG）','5688.00','5688.00','0.0','2015-06-11','非合约机','移动联通电信4G','铂光金','AFC0DF3CB80C42D3BED0821723747E15','基本套餐','book_img/AB93D9576D71463F946D78C601189843_sa_1d.jpg','book_img/2BBAD46EBC1849D896AA1358445F064F_sa_1x.jpg',26),('DD81157BAB1E45E7AA744E0D54F8C0A9','三星 Galaxy On7（G6000）昂小七高配版','三星（SAMSUNG）','1348.00','1348.00','0.0','2016-6-1','非合约机','全网通4G',' 金色','AFC0DF3CB80C42D3BED0821723747E15','基本套餐','book_img/E61097350DD3448D9165DE75BC43512C_sa_3d.jpg','book_img/5878F5AF5E784B43AC2789603BB2652D_sa_3x.jpg',28),('E43597B1204F4B988AEECB2478CD9419','小米 红米Note 增强版 白色 电信4G手机','xiaomi（小米）','799.00','799.00','0.0','2014-06-11','非合约机',' 移动联通双4G','白色','8E1EE71B21574E8894D144B7BD521088','基本套餐','book_img/58359EA90A584830BC0C4BA207E3DE99_hm_d.jpg','book_img/77408DF7D923481DA5F0AD12AC96CE35_hm_x.jpg',25),('E9052865AA3948FEAA4A4E90956261D3','小米 Note 白色 移动联通双4G手机 双卡双待','xiaomi（小米）','1399.00','1399.00','0.0','2016-6-1','非合约机',' 移动联通双4G','白色','B071668141EA4D8C8870E4910B050F43','基本套餐','book_img/39B26404C2F54FBD8B82C199D6D37676_x_mnote_1d.jpg','book_img/7DFBE603FF804C8990DB03DE9819D65A_x_mnote_1x.jpg',24),('EA4AB31B74244385B45C7FB08DC3D46C','三星 Galaxy A9 (SM-A9100) 魔幻金 手机','三星（SAMSUNG）','2999.00','2999.00','0.0','2015-06-11','非合约机','全网通4G',' 魔幻金','AFC0DF3CB80C42D3BED0821723747E15','基本套餐','book_img/5884E134A6134961B49DB274649D62CD_sa_2d.jpg','book_img/37752CE8FAE443EE9AAD1584FA372C96_sa_2x.jpg',27),('EDF3C113D5594AF484184C3CF75CC205',' 红米Note3 高配全网通版 3GB+32GB 金色 移动联通电信4G手机 双卡双待','xiaomi（小米）','1199.00','1199.00','0.0','2016-05-05','非合约机','移动联通电信4G手机','金色','8E1EE71B21574E8894D144B7BD521088','基本套餐','book_img/CFF9D207300B4DD89288705A169EE275_x_mnote3_1d.jpg','book_img/9FFC4727099C46B68E1F65CDE46684E5_x_mnote3_1x.jpg',23);

/*Table structure for table `t_user` */

DROP TABLE IF EXISTS `t_user`;

CREATE TABLE `t_user` (
  `uid` char(32) NOT NULL,
  `loginname` varchar(50) DEFAULT NULL,
  `loginpass` varchar(50) DEFAULT NULL,
  `email` varchar(50) DEFAULT NULL,
  `status` tinyint(1) DEFAULT NULL,
  `activationCode` char(64) DEFAULT NULL,
  PRIMARY KEY (`uid`),
  UNIQUE KEY `loginname` (`loginname`)
) ENGINE=InnoDB DEFAULT CHARSET=utf8;

/*Data for the table `t_user` */

insert  into `t_user`(`uid`,`loginname`,`loginpass`,`email`,`status`,`activationCode`) values ('981339DB163049C4BBB4F350F5C10907','yx11','111','985256523@qq.com',1,'1631883BCA4740D3A5CDCAC18A23FF00DC3792CC1D214360A52367EEFA071945'),('BE10313D53E046A7A53B92342C049EBA','test','111','18773702993@163.com',1,'A196116FAB2C4D7BA027FE8DA8F75B5154941E32A4314423876A9D828112A557');

/*!40101 SET SQL_MODE=@OLD_SQL_MODE */;
/*!40014 SET FOREIGN_KEY_CHECKS=@OLD_FOREIGN_KEY_CHECKS */;
/*!40014 SET UNIQUE_CHECKS=@OLD_UNIQUE_CHECKS */;
/*!40111 SET SQL_NOTES=@OLD_SQL_NOTES */;
